CARA_U1_NPT,90.19999695,90.19999695,90.19999695,23,90.19999695,90.19999695,90.19999695,90.19999695,90.19999695,90.19999695,90.19999695,90.19999695,90.19999695,90.19999695,90.19999695,90.19999695,90.19999695,90.19999695,90.19999695,90.19999695,90.19999695,90.19999695,90.19999695,90.19999695,90.19999695,90.19999695,90.19999695,90.19999695,90.19999695,90.19999695,90.19999695,90.19999695,90.19999695,90.19999695,90.19999695,90.19999695,90.19999695,90.19999695,90.19999695,90.19999695,90.19999695,90.19999695,90.19999695,90.19999695,90.19999695,90.19999695,90.19999695,90.19999695,90.19999695,90.19999695,90.19999695,90.19999695,90.19999695,90.19999695,90.19999695,90.19999695,90.19999695,90.19999695,90.19999695,90.19999695,90.19999695,90.19999695,90.19999695,90.19999695,90.19999695,90.19999695,90.19999695,90.19999695,90.19999695,90.19999695,90.19999695,90.19999695,90.19999695,90.19999695,90.19999695,90.19999695,90.19999695,90.19999695,90.19999695,90.19999695,90.19999695,90.19999695,90.19999695,90.19999695,90.19999695,90.19999695,90.19999695,90.19999695,90.19999695,90.19999695,90.19999695,90.19999695,90.19999695,90.19999695,90.19999695,90.19999695,90.19999695,90.19999695,90.19999695,90.19999695,90.19999695,90.19999695,90.19999695,90.19999695,90.19999695,90.19999695,90.19999695,90.19999695,90.19999695,90.19999695,90.19999695,90.19999695,90.19999695,90.19999695,90.19999695,90.19999695,90.19999695,90.19999695,90.19999695,90.19999695,90.19999695,90.19999695,90.19999695,90.19999695,90.19999695,90.19999695,90.19999695,90.19999695,90.19999695,90.19999695,90.19999695,90.19999695,90.19999695,90.19999695,90.19999695,90.19999695,90.19999695,90.19999695,90.19999695,90.19999695,90.19999695,90.19999695,90.19999695,90.19999695,90.19999695,90.19999695,90.19999695,90.19999695,90.19999695,90.19999695,90.19999695,90.19999695,90.19999695,90.19999695,90.19999695,90.19999695,90.19999695,90.19999695,90.19999695,90.19999695,90.19999695,90.19999695,90.19999695,90.19999695,90.19999695,90.19999695,90.19999695,90.19999695,90.19999695,90.19999695,90.19999695,90.19999695,90.19999695,90.19999695,90.19999695,90.19999695,90.19999695,90.19999695,90.19999695,90.19999695,90.19999695,90.19999695,90.19999695,90.19999695,90.19999695,90.19999695,90.19999695,90.19999695,90.19999695,90.19999695,90.19999695,90.19999695,90.19999695,90.19999695,90.19999695,90.19999695,90.19999695,90.19999695,90.19999695,90.19999695,90.19999695,90.19999695,90.19999695,90.19999695,90.19999695,90.19999695,90.19999695,90.19999695,90.19999695,90.19999695
CARA_U1_SUCTEMP,84.90000153,84.90000153,84.80000305,84.80000305,84.90000153,84.80000305,84.80000305,84.80000305,84.80000305,84.80000305,84.80000305,84.80000305,84.80000305,84.80000305,84.80000305,84.80000305,84.80000305,84.80000305,84.80000305,84.80000305,84.80000305,84.80000305,84.80000305,84.70000458,84.80000305,84.59999847,84.70000458,84.70000458,84.70000458,84.70000458,84.70000458,84.70000458,84.59999847,84.59999847,84.70000458,84.59999847,84.70000458,84.59999847,84.59999847,84.59999847,84.70000458,84.59999847,84.59999847,84.70000458,84.59999847,84.59999847,84.59999847,84.59999847,84.59999847,84.59999847,84.59999847,84.59999847,84.59999847,84.59999847,84.59999847,84.59999847,84.59999847,84.59999847,84.59999847,84.59999847,84.59999847,84.59999847,84.59999847,84.59999847,84.59999847,84.59999847,84.59999847,84.59999847,84.70000458,84.59999847,84.59999847,84.59999847,84.59999847,84.59999847,84.59999847,84.59999847,84.59999847,84.59999847,84.59999847,84.59999847,84.59999847,84.5,84.59999847,84.59999847,84.59999847,84.59999847,84.59999847,84.59999847,84.59999847,84.59999847,84.59999847,84.59999847,84.59999847,84.59999847,84.59999847,84.59999847,84.59999847,84.59999847,84.59999847,84.59999847,84.59999847,84.5,84.59999847,84.5,84.59999847,84.5,84.5,84.59999847,84.5,84.5,84.59999847,84.5,84.5,84.5,84.5,84.5,84.40000153,84.40000153,84.40000153,84.40000153,84.40000153,84.40000153,84.40000153,84.40000153,84.20000458,84.20000458,84.20000458,84.20000458,84.30000305,84.20000458,84.20000458,84.20000458,84.20000458,84.20000458,84.20000458,84.09999847,84.09999847,84.09999847,84.09999847,84.09999847,84.20000458,84.09999847,84.09999847,84.09999847,84.09999847,84,84.09999847,84.09999847,84.09999847,84,84.09999847,84.09999847,84.09999847,84,84,84,84.09999847,84,84,84,84.09999847,84,84,84,84,84,84,84,84,83.90000153,83.90000153,83.90000153,83.90000153,83.80000305,83.80000305,83.80000305,83.90000153,83.80000305,83.70000458,83.70000458,83.70000458,83.70000458,83.70000458,83.70000458,83.70000458,83.59999847,83.59999847,83.5,83.59999847,83.59999847,83.59999847,83.59999847,83.5,83.5,83.5,83.5,83.40000153,83.40000153,83.40000153,83.40000153,83.40000153,83.40000153,83.40000153,83.40000153,83.40000153,83.40000153,83.40000153,83.40000153,83.40000153,83.40000153
CARA_U1_P1,-1.923076987,-1.923076987,-1.923076987,-1.923076987,-1.923076987,-1.923076987,-1.923076987,-1.923076987,-1.923076987,-1.923076987,-1.923076987,-1.923076987,-1.442307711,-1.923076987,-1.923076987,-1.923076987,-1.442307711,-1.923076987,-1.923076987,-1.923076987,-1.442307711,-1.923076987,-1.442307711,-1.442307711,-1.923076987,-1.442307711,-1.923076987,-1.923076987,-1.923076987,-1.923076987,-1.923076987,-1.923076987,-1.923076987,-1.923076987,-1.923076987,-1.442307711,-1.923076987,-1.923076987,-1.923076987,-1.923076987,-1.923076987,-1.923076987,-1.923076987,-1.923076987,-1.923076987,-1.923076987,-1.923076987,-1.923076987,-1.923076987,-1.923076987,-1.923076987,-1.923076987,-1.923076987,-1.923076987,-1.923076987,-1.923076987,-1.923076987,-1.923076987,-1.923076987,-1.923076987,-1.923076987,-1.442307711,-1.923076987,-1.442307711,-1.923076987,-1.442307711,-1.923076987,-1.923076987,-1.923076987,-1.923076987,-1.923076987,-1.923076987,-1.923076987,-1.923076987,-1.923076987,-1.923076987,-1.923076987,-1.442307711,-1.923076987,-1.923076987,-1.923076987,-1.442307711,-1.923076987,-1.923076987,-1.442307711,-1.923076987,-1.923076987,-1.923076987,-1.923076987,-1.923076987,-1.923076987,-1.923076987,-1.923076987,-1.923076987,-1.923076987,-1.442307711,-1.923076987,-1.442307711,-1.923076987,-1.442307711,-1.442307711,-1.923076987,-1.923076987,-1.923076987,-1.923076987,-1.442307711,-1.923076987,-1.923076987,-1.923076987,-1.923076987,-1.923076987,-1.923076987,-1.923076987,-1.442307711,-1.923076987,-1.923076987,-1.923076987,-1.923076987,-1.923076987,-1.442307711,-1.923076987,-1.923076987,-1.923076987,-1.923076987,-1.923076987,-1.442307711,-1.923076987,-1.923076987,-1.442307711,-1.923076987,-1.923076987,-1.923076987,-1.923076987,-1.923076987,-1.923076987,-1.923076987,-1.442307711,-1.442307711,-1.923076987,-1.442307711,-1.442307711,-1.923076987,-1.923076987,-1.923076987,-1.923076987,-1.442307711,-1.442307711,-1.923076987,-1.923076987,-1.923076987,-1.923076987,-1.923076987,-1.923076987,-1.442307711,-1.923076987,-1.923076987,-1.923076987,-1.923076987,-1.923076987,-1.923076987,-1.923076987,-1.923076987,-1.442307711,-1.923076987,-1.923076987,-1.923076987,-1.923076987,-1.923076987,-1.923076987,-1.923076987,-1.923076987,-1.442307711,-1.923076987,-1.923076987,-1.442307711,-1.923076987,-1.923076987,-1.923076987,-1.923076987,-1.923076987,-1.923076987,-1.923076987,-1.923076987,-1.923076987,-1.923076987,-1.923076987,-1.923076987,-1.923076987,-1.923076987,-1.923076987,-1.923076987,-1.923076987,-1.923076987,-1.923076987,-1.923076987,-1.923076987,-1.923076987,-1.442307711,-1.442307711,-1.923076987,-1.923076987,-1.442307711,-1.442307711,-1.923076987,-1.923076987,-1.923076987,-1.442307711,-1.923076987,-1.923076987,-1.923076987
CARA_U1_T2,100.3000031,100.2000046,100.3000031,100.2000046,100.2000046,100.2000046,100.2000046,100.2000046,100.0999985,100.2000046,100.2000046,100.2000046,100.2000046,100.2000046,100.2000046,100.2000046,100.2000046,100.2000046,100.2000046,100.0999985,100.0999985,100.2000046,100.0999985,100.2000046,100.0999985,100.0999985,100.0999985,100.0999985,100.0999985,100.0999985,100.0999985,100.0999985,100.0999985,100.0999985,100.0999985,100.0999985,100.0999985,100,100.0999985,100,100.0999985,100.0999985,100,100,100,100,100.0999985,100.0999985,100,100,100,100,100,100,100,100,100,100,100,100,100,100,100,100,99.90000153,99.90000153,100,100,100,99.90000153,99.90000153,99.90000153,99.90000153,100,99.90000153,99.90000153,99.90000153,99.80000305,99.90000153,99.90000153,99.80000305,99.80000305,99.80000305,99.80000305,99.80000305,99.90000153,99.80000305,99.90000153,99.90000153,99.80000305,99.80000305,99.80000305,99.80000305,99.80000305,99.80000305,99.70000458,99.80000305,99.80000305,99.80000305,99.80000305,99.80000305,99.80000305,99.80000305,99.80000305,99.70000458,99.80000305,99.70000458,99.70000458,99.80000305,99.70000458,99.70000458,99.70000458,99.70000458,99.70000458,99.70000458,99.70000458,99.70000458,99.70000458,99.70000458,99.70000458,99.70000458,99.70000458,99.70000458,99.70000458,99.70000458,99.70000458,99.70000458,99.70000458,99.70000458,99.70000458,99.59999847,99.70000458,99.59999847,99.59999847,99.59999847,99.59999847,99.59999847,99.59999847,99.59999847,99.59999847,99.59999847,99.59999847,99.5,99.59999847,99.59999847,99.59999847,99.59999847,99.59999847,99.59999847,99.59999847,99.59999847,99.5,99.5,99.59999847,99.5,99.59999847,99.59999847,99.5,99.5,99.5,99.5,99.5,99.5,99.5,99.5,99.5,99.5,99.5,99.5,99.5,99.5,99.5,99.5,99.40000153,99.5,99.5,99.5,99.5,99.5,99.5,99.40000153,99.40000153,99.40000153,99.5,99.40000153,99.5,99.40000153,99.40000153,99.40000153,99.40000153,99.40000153,99.40000153,99.40000153,99.30000305,99.40000153,99.30000305,99.40000153,99.40000153,99.40000153,99.40000153,99.40000153,99.30000305,99.30000305,99.40000153,99.40000153,99.40000153,99.30000305,99.30000305,99.30000305,99.30000305
CARA_U1_P2,-1.282051325,-1.282051325,-1.282051325,-1.282051325,-1.282051325,-1.282051325,-0.641025662,-1.282051325,-1.282051325,-1.282051325,-0.641025662,-1.282051325,-1.282051325,-1.282051325,-1.282051325,-1.282051325,-1.282051325,-0.641025662,-0.641025662,-1.282051325,-1.282051325,-1.282051325,-1.282051325,-0.641025662,-1.282051325,-1.282051325,-1.282051325,-1.282051325,-1.282051325,-0.641025662,-1.282051325,-1.282051325,-0.641025662,-1.282051325,-1.282051325,-0.641025662,-0.641025662,-1.282051325,-1.282051325,-1.282051325,-1.282051325,-1.282051325,-1.282051325,-1.282051325,-1.282051325,-1.282051325,-0.641025662,-1.282051325,-0.641025662,-1.282051325,-1.282051325,-0.641025662,-1.282051325,-1.282051325,-0.641025662,-1.282051325,-1.282051325,-1.282051325,-1.282051325,-1.282051325,-1.282051325,-1.282051325,-1.282051325,-1.282051325,-1.282051325,-1.282051325,-1.282051325,-1.282051325,-1.282051325,-1.282051325,-1.282051325,-1.282051325,-1.282051325,-1.282051325,-1.282051325,-1.282051325,-1.282051325,-1.282051325,-1.282051325,-1.282051325,-1.282051325,-1.282051325,-1.282051325,-1.282051325,-1.282051325,-1.282051325,-0.641025662,-0.641025662,-1.282051325,-0.641025662,-0.641025662,-1.282051325,-1.282051325,-0.641025662,-1.282051325,-1.282051325,-1.282051325,-1.282051325,-0.641025662,-0.641025662,-1.282051325,-1.282051325,-1.282051325,-0.641025662,-1.282051325,-1.282051325,-1.282051325,-1.282051325,-1.282051325,-0.641025662,-1.282051325,-1.282051325,-1.282051325,-1.282051325,-1.282051325,-1.282051325,-1.282051325,-1.282051325,-1.282051325,-1.282051325,-0.641025662,-0.641025662,-0.641025662,-1.282051325,-1.282051325,-0.641025662,-1.282051325,-1.282051325,-0.641025662,-1.282051325,-0.641025662,-1.282051325,-1.282051325,-1.282051325,-1.282051325,-0.641025662,-1.282051325,-1.282051325,-1.282051325,-0.641025662,-0.641025662,-1.282051325,-1.282051325,-1.282051325,-1.282051325,-0.641025662,-0.641025662,-1.282051325,-1.282051325,-1.282051325,-1.282051325,-0.641025662,-1.282051325,-1.282051325,-1.282051325,-0.641025662,-1.282051325,-1.282051325,-1.282051325,-0.641025662,-0.641025662,-1.282051325,-0.641025662,-0.641025662,-0.641025662,-1.282051325,-0.641025662,-1.282051325,-1.282051325,-0.641025662,-0.641025662,-1.282051325,-0.641025662,-0.641025662,-0.641025662,-0.641025662,-0.641025662,-0.641025662,-0.641025662,-1.282051325,-0.641025662,-1.282051325,-1.282051325,-0.641025662,-1.282051325,-1.282051325,-0.641025662,-0.641025662,-1.282051325,-1.282051325,-1.282051325,-1.282051325,-1.282051325,-1.282051325,-1.282051325,-1.282051325,-1.282051325,-1.282051325,-0.641025662,-0.641025662,-0.641025662,-1.282051325,-1.282051325,-1.282051325,-1.282051325,-0.641025662,-1.282051325,-0.641025662,-1.282051325,-1.282051325
CARA_U1_T1,93,93,93,92.90000153,92.80000305,92.80000305,92.80000305,92.59999847,92.59999847,92.5,92.59999847,92.70000458,92.59999847,92.90000153,92.59999847,92.5,92.09999847,92,92.20000458,92.09999847,92.09999847,92.30000305,92.30000305,92.5,92.5,92.40000153,92.20000458,92.09999847,92.40000153,92.5,92.09999847,92,92,92.09999847,92.09999847,92.09999847,92.20000458,92.5,92.5,92.5,92.5,92.40000153,92.20000458,92.30000305,92.40000153,92.5,93.09999847,93,92.59999847,92.59999847,92.59999847,92.59999847,92.70000458,92.80000305,92.70000458,92.59999847,92.5,92.5,92.30000305,92.20000458,92.5,92.59999847,92.70000458,92.59999847,92.70000458,92.59999847,92.59999847,92.70000458,92.59999847,92.5,92.40000153,92.40000153,92.5,92.59999847,92.80000305,92.80000305,92.59999847,92.70000458,92.59999847,92.59999847,92.59999847,92.40000153,92.70000458,92.59999847,92.70000458,92.90000153,92.90000153,92.80000305,92.80000305,92.70000458,92.70000458,92.80000305,92.70000458,93,93.09999847,92.70000458,92.59999847,92.70000458,92.59999847,92.59999847,92.80000305,92.90000153,92.90000153,92.80000305,92.59999847,92.80000305,92.90000153,92.80000305,92.80000305,93,93.09999847,93,93.09999847,92.90000153,92.80000305,92.70000458,92.59999847,92.59999847,92.59999847,92.5,92.20000458,92.40000153,92.59999847,92.59999847,92.5,92.5,92.5,92.59999847,92.5,92.5,92.59999847,92.5,92.59999847,92.5,92.5,92.30000305,92.5,92.59999847,92.5,92.70000458,92.90000153,92.70000458,92.59999847,92.59999847,92.70000458,92.70000458,92.40000153,92.30000305,92.40000153,92.5,92.59999847,93,92.70000458,92.40000153,92.30000305,92.40000153,92.5,92.40000153,92.59999847,92.59999847,92.59999847,92.70000458,92.59999847,92.40000153,92.40000153,92.40000153,92.5,92.20000458,92.20000458,92.09999847,92.20000458,92.59999847,92.80000305,92.59999847,92.40000153,92.40000153,92.5,92.30000305,92.30000305,92.09999847,92.20000458,92.09999847,92.09999847,92,92,91.90000153,92,92,92.09999847,91.90000153,91.90000153,91.90000153,92,92.09999847,92.30000305,92.09999847,92.09999847,92,92.09999847,92.20000458,92.09999847,92.20000458,92.09999847,92,91.80000305,91.80000305,91.90000153,91.90000153,92.09999847,92.09999847
CARA_U2_NGP,90.19999695,90.19999695,90.19999695,90.19999695,90.19999695,90.19999695,90.19999695,90.19999695,90.19999695,90.19999695,90.19999695,90.19999695,90.19999695,90.19999695,90.19999695,90.19999695,90.19999695,90.19999695,90.19999695,90.19999695,90.19999695,90.19999695,90.19999695,90.19999695,90.19999695,90.19999695,90.19999695,90.19999695,90.19999695,90.19999695,90.19999695,90.19999695,90.19999695,90.19999695,90.19999695,90.19999695,90.19999695,90.19999695,90.19999695,90.19999695,90.19999695,90.19999695,90.19999695,90.19999695,90.19999695,90.19999695,90.19999695,90.19999695,90.19999695,90.19999695,90.19999695,90.19999695,90.19999695,90.19999695,90.19999695,90.19999695,90.19999695,90.19999695,90.19999695,90.19999695,90.19999695,90.19999695,90.19999695,90.19999695,90.19999695,90.19999695,90.19999695,90.19999695,90.19999695,90.19999695,90.19999695,90.19999695,90.19999695,90.19999695,90.19999695,90.19999695,90.19999695,90.19999695,90.19999695,90.19999695,90.19999695,90.19999695,90.19999695,90.19999695,90.19999695,90.19999695,90.19999695,90.19999695,90.19999695,90.19999695,90.19999695,90.19999695,90.19999695,90.19999695,90.19999695,90.19999695,90.19999695,90.19999695,90.19999695,90.19999695,90.19999695,90.19999695,90.19999695,90.19999695,90.19999695,90.19999695,90.19999695,90.19999695,90.26490021,90.6375885,91.298172,92.24433136,93.39067841,94.52026367,95.01271057,95.01252747,95.01238251,94.98117828,94.75186157,94.3935318,94.01654816,93.70113373,93.44290924,93.2406311,93.04727173,92.85472107,92.6621933,92.45823669,92.26818848,92.11392212,91.97684479,91.84679413,91.71677399,91.59018707,91.45544434,91.31233978,91.16526794,91.00998688,90.83298492,90.66725159,90.51206207,90.36911774,90.21976471,90.19999695,90.19999695,90.19999695,90.19999695,90.19999695,90.19999695,90.19999695,90.19999695,90.19999695,90.19999695,90.19999695,90.19999695,90.19999695,90.19999695,90.19999695,90.19999695,90.19999695,90.19999695,90.19999695,90.19999695,90.19999695,90.19999695,90.19999695,90.19999695,90.19999695,90.19999695,90.19999695,90.19999695,90.19999695,90.19999695,90.19999695,90.19999695,90.19999695,90.19999695,90.19999695,90.19999695,90.19999695,90.19999695,90.19999695,90.19999695,90.19999695,90.19999695,90.19999695,90.19999695,90.19999695,90.19999695,90.19999695,90.19999695,90.19999695,90.19999695,90.19999695,90.19999695,90.19999695,90.19999695,90.19999695,90.19999695,90.19999695,90.19999695,90.19999695,90.19999695,90.19999695,90.19999695,90.19999695,90.19999695,90.19999695,90.19999695,90.19999695
CARA_U2_NPT,90.19999695,90.19999695,90.19999695,90.19999695,90.19999695,90.19999695,90.19999695,90.19999695,90.19999695,90.19999695,90.19999695,90.19999695,90.19999695,90.19999695,90.19999695,90.19999695,90.19999695,90.19999695,90.19999695,90.19999695,90.19999695,90.19999695,90.19999695,90.19999695,90.19999695,90.19999695,90.19999695,90.19999695,90.19999695,90.19999695,90.19999695,90.19999695,90.19999695,90.19999695,90.19999695,90.19999695,90.19999695,90.19999695,90.19999695,90.19999695,90.19999695,90.19999695,90.19999695,90.19999695,90.19999695,90.19999695,90.19999695,90.19999695,90.19999695,90.19999695,90.19999695,90.19999695,90.19999695,90.19999695,90.19999695,90.19999695,90.19999695,90.19999695,90.19999695,90.19999695,90.19999695,90.19999695,90.19999695,90.19999695,90.19999695,90.19999695,90.19999695,90.19999695,90.19999695,90.19999695,90.19999695,90.19999695,90.19999695,90.19999695,90.19999695,90.19999695,90.19999695,90.19999695,90.19999695,90.19999695,90.19999695,90.19999695,90.19999695,90.19999695,90.19999695,90.19999695,90.19999695,90.19999695,90.19999695,90.19999695,90.19999695,90.19999695,90.19999695,90.19999695,90.19999695,90.19999695,90.19999695,90.19999695,90.19999695,90.19999695,90.19999695,90.19999695,90.19999695,90.19999695,90.19999695,90.19999695,90.19999695,90.19999695,90.26522064,90.63835907,91.29940033,92.2459259,93.39252472,94.52231598,95.01271057,95.01252747,95.01238251,94.98090363,94.75140381,94.39276886,94.01604462,93.70059204,93.44241333,93.2403717,93.04689026,92.85432434,92.6618042,92.45806122,92.26795959,92.11360931,91.97647095,91.84658813,91.71649933,91.58992767,91.4551239,91.31209564,91.16505432,91.00966644,90.83269501,90.66707611,90.51194763,90.36876678,90.21942902,90.19999695,90.19999695,90.19999695,90.19999695,90.19999695,90.19999695,90.19999695,90.19999695,90.19999695,90.19999695,90.19999695,90.19999695,90.19999695,90.19999695,90.19999695,90.19999695,90.19999695,90.19999695,90.19999695,90.19999695,90.19999695,90.19999695,90.19999695,90.19999695,90.19999695,90.19999695,90.19999695,90.19999695,90.19999695,90.19999695,90.19999695,90.19999695,90.19999695,90.19999695,90.19999695,90.19999695,90.19999695,90.19999695,90.19999695,90.19999695,90.19999695,90.19999695,90.19999695,90.19999695,90.19999695,90.19999695,90.19999695,90.19999695,90.19999695,90.19999695,90.19999695,90.19999695,90.19999695,90.19999695,90.19999695,90.19999695,90.19999695,90.19999695,90.19999695,90.19999695,90.19999695,90.19999695,90.19999695,90.19999695,90.19999695,90.19999695,90.19999695
CARA_U2_SUCTEMP,83.59999847,83.59999847,83.59999847,83.59999847,83.59999847,83.59999847,83.5,83.59999847,83.59999847,83.59999847,83.70000458,83.59999847,83.70000458,83.59999847,83.59999847,83.59999847,83.59999847,83.59999847,83.59999847,83.59999847,83.70000458,83.59999847,83.59999847,83.59999847,83.59999847,83.59999847,83.59999847,83.59999847,83.59999847,83.59999847,83.70000458,83.70000458,83.70000458,83.70000458,83.70000458,83.70000458,83.80000305,83.70000458,83.80000305,83.80000305,83.80000305,83.90000153,83.90000153,84,83.90000153,84,83.90000153,83.80000305,83.90000153,83.90000153,83.80000305,83.90000153,83.90000153,83.90000153,83.80000305,83.80000305,83.90000153,83.80000305,83.80000305,83.80000305,83.80000305,83.80000305,83.90000153,83.80000305,83.80000305,83.80000305,83.80000305,83.80000305,83.90000153,83.90000153,83.90000153,83.90000153,83.90000153,83.90000153,84,83.90000153,83.90000153,83.90000153,83.90000153,83.90000153,84,83.90000153,84,84,84,84,84.09999847,84,84.09999847,84.09999847,84.09999847,84.09999847,84,84.09999847,84.09999847,84.09999847,84.09999847,84.20000458,84.09999847,84.09999847,84.09999847,83.40000153,81.80000305,80,80.80000305,83.40000153,85.09999847,86.09999847,86.5,87,87,87.09999847,87.09999847,85.59999847,85.80000305,86,86.20000458,86.30000305,86.30000305,86.40000153,86.5,86.5,86.40000153,86.40000153,86.20000458,86.09999847,86,85.80000305,85.70000458,85.59999847,85.40000153,85.40000153,85.20000458,85.30000305,85.09999847,85.09999847,85,84.90000153,84.90000153,84.70000458,84.59999847,84.40000153,84.40000153,84.30000305,84.09999847,84.09999847,84.09999847,83.90000153,84,83.90000153,83.90000153,83.80000305,83.80000305,83.70000458,83.59999847,83.70000458,83.70000458,83.70000458,83.70000458,83.70000458,83.59999847,83.5,83.5,83.5,83.5,83.40000153,83.40000153,83.30000305,83.30000305,83.40000153,83.30000305,83.30000305,83.30000305,83.30000305,83.30000305,83.30000305,83.30000305,83.30000305,83.40000153,83.40000153,83.5,83.5,83.5,83.59999847,83.5,83.59999847,83.59999847,83.59999847,83.59999847,83.59999847,83.70000458,83.80000305,83.70000458,83.80000305,83.70000458,83.70000458,83.90000153,83.70000458,83.80000305,83.70000458,83.80000305,83.70000458,83.70000458,83.80000305,83.80000305,83.80000305,83.80000305,83.59999847,83.70000458,83.59999847
CARA_U2_P1,350.4807739,350.4807739,350.4807739,350.9615173,350.9615173,350.9615173,350.4807739,350.4807739,350.4807739,350,350,350,350,350,349.5192261,350,350,350,350,350,350,350,350,350,350,350,350.4807739,350,350,350,350,350,350,350,350,350,350,350,350,350,350,350,350,350,350,350,350,350,350,350,350,350,350,350,350,350,350,350,350.4807739,350,350,350,350,350,350,350,350,350,350,350.4807739,350,350,350,350,350,350.4807739,350.4807739,350,350,350,350,350,350,350.4807739,350.4807739,350.4807739,350.4807739,350.4807739,350,350,350,350,350.4807739,350,350,350,350,350,350,350,351.4423218,358.6538391,366.3461304,370.6730957,373.5576782,375.9615173,377.884613,379.8076782,381.7307739,383.1730957,384.6154175,386.0576782,387.0192566,385.5769348,384.134613,382.6923218,381.25,380.2884521,379.3269348,378.8461609,378.8461609,379.3269348,379.8076782,379.8076782,380.2884521,379.8076782,380.2884521,380.2884521,380.2884521,380.2884521,380.7692566,380.7692566,380.7692566,380.7692566,380.7692566,380.7692566,380.7692566,380.7692566,380.7692566,380.7692566,380.7692566,380.7692566,381.25,380.7692566,380.7692566,380.2884521,380.2884521,379.8076782,379.8076782,379.8076782,379.8076782,379.3269348,379.8076782,379.8076782,379.3269348,379.8076782,379.8076782,379.8076782,379.8076782,379.8076782,379.8076782,379.8076782,379.8076782,379.8076782,379.8076782,379.8076782,379.8076782,379.8076782,379.8076782,379.8076782,379.8076782,379.8076782,379.8076782,379.8076782,379.8076782,379.8076782,379.8076782,379.8076782,379.8076782,379.8076782,379.8076782,379.8076782,379.8076782,379.8076782,379.8076782,379.8076782,379.8076782,379.8076782,379.8076782,379.8076782,379.8076782,379.8076782,379.8076782,379.8076782,379.8076782,379.8076782,379.8076782,379.8076782,379.8076782,379.8076782,379.8076782,379.8076782,379.8076782,379.8076782,379.8076782,379.8076782,379.3269348,379.3269348,379.8076782,379.8076782
CARA_U2_T2,180.6000061,180.6000061,180.5,180.5,180.5,180.4000092,180.5,180.8000031,180.9000092,180.9000092,181.1999969,181.3000031,181.3000031,181.3000031,181.4000092,181.4000092,181.4000092,181.5,181.4000092,181.3000031,181.3000031,181.5,181.4000092,181.4000092,181.5,181.4000092,181.4000092,181.4000092,181.5,181.6000061,181.5,181.6000061,181.6000061,181.8000031,181.8000031,181.9000092,181.8000031,181.9000092,182,181.9000092,182.1000061,182,182.1000061,182.3000031,182.4000092,182.3000031,182.4000092,182.4000092,182.5,182.5,182.4000092,182.5,182.6000061,182.6999969,182.6000061,182.8000031,182.8000031,182.6999969,182.6999969,182.6999969,182.8000031,182.9000092,182.9000092,183,183,183,183.1999969,183.1999969,183.1999969,183.1999969,183.3000031,183.5,183.6000061,183.6000061,183.6000061,183.6000061,183.6000061,183.6000061,183.8000031,183.9000092,184,184,183.9000092,184,184,184,184.1999969,184.3000031,184.4000092,184.6000061,184.6000061,184.6999969,184.6999969,184.6999969,184.9000092,185,185.1000061,185.1999969,185.1999969,185.3000031,185.1999969,182.5,177.3000031,169.3000031,157.8000031,152,151,151,151.3000031,152.6999969,155.6999969,160.3000031,167.6999969,171.6999969,173.4000092,174.4000092,175.1999969,176,176.5,176.8000031,176.6000061,176.1999969,175.9000092,175.5,175.1000061,175,174.6999969,174.5,174.1000061,174,173.6999969,173.3000031,173.1999969,173.1999969,173.1999969,172.9000092,172.8000031,172.6999969,172.6000061,172.4000092,172.3000031,172.1000061,172,171.9000092,172,172,172.1000061,172.1000061,172.1999969,172.3000031,172.3000031,172.4000092,172.3000031,172.3000031,172.3000031,172.3000031,172.1999969,172.3000031,172.3000031,172.3000031,172.3000031,172.3000031,172.3000031,172.5,172.4000092,172.6000061,172.4000092,172.5,172.6000061,172.6000061,172.5,172.6000061,172.6999969,172.6999969,172.6999969,172.8000031,172.8000031,172.9000092,172.9000092,173,173,173.1999969,173.1999969,173.3000031,173.3000031,173.3000031,173.3000031,173.4000092,173.4000092,173.6000061,173.8000031,173.6999969,173.9000092,173.8000031,173.9000092,174,174,174.1000061,174.1000061,174.1999969,174.1000061,174.1999969,174.3000031,174.1000061,173.8000031,173.6999969,173.4000092,173.1999969,173.5,173.8000031
CARA_U2_P2,624.5192261,624.5192261,624.5192261,625,625,625,625,625.4807739,625.4807739,625.4807739,625.9615479,625.4807739,625.9615479,625.9615479,625.9615479,626.4423218,625.9615479,626.4423218,626.4423218,626.4423218,626.4423218,626.4423218,626.4423218,626.9230957,626.9230957,627.4038086,626.9230957,627.4038086,627.4038086,627.4038086,627.4038086,627.8845825,627.8845825,627.8845825,627.8845825,628.3654175,628.3654175,628.3654175,628.8461304,628.3654175,628.3654175,628.8461304,628.8461304,628.8461304,629.3269043,629.3269043,629.3269043,629.3269043,629.3269043,629.3269043,629.8077393,629.8077393,629.8077393,630.2884521,630.2884521,630.2884521,630.2884521,630.7692261,630.7692261,630.7692261,630.7692261,631.25,631.25,631.7307739,631.7307739,631.7307739,631.7307739,632.2115479,632.2115479,632.6923218,632.6923218,632.6923218,633.1730957,633.1730957,633.1730957,633.1730957,633.6538696,633.6538696,633.6538696,634.1345825,634.1345825,634.6154175,634.6154175,634.6154175,634.6154175,635.0961304,635.0961304,635.0961304,635.5769043,636.0576782,635.5769043,636.0576782,636.5384521,636.5384521,636.5384521,637.0192261,637.0192261,637.0192261,637.5,637.5,637.0192261,635.0961304,633.6538696,590.8654175,546.6345825,525,520.1923218,521.1538086,526.4423218,538.9423218,559.1346436,589.4230957,631.25,632.2115479,633.1730957,633.6538696,634.6154175,635.0961304,635.0961304,636.0576782,635.5769043,635.5769043,635.5769043,635.5769043,635.5769043,635.5769043,636.0576782,636.0576782,636.0576782,636.5384521,636.0576782,636.0576782,636.5384521,636.5384521,636.5384521,637.0192261,637.0192261,637.0192261,637.0192261,637.0192261,637.5,637.5,637.5,637.9807739,637.9807739,638.4615479,638.4615479,638.9422607,638.9422607,639.4230957,639.4230957,639.9038696,639.9038696,639.9038696,640.3845825,640.3845825,640.8653564,640.3845825,640.8653564,641.3461914,641.3461914,641.3461914,641.3461914,641.8269043,642.3076782,642.3076782,642.3076782,642.3076782,643.2692261,643.2692261,643.2692261,643.2692261,643.75,643.75,643.75,644.2307739,644.2307739,644.7115479,644.7115479,644.7115479,645.1923218,645.1923218,645.1923218,645.6730957,646.1538696,646.1538696,646.1538696,646.1538696,646.6345825,646.6345825,647.1153564,647.1153564,647.1153564,647.5961914,647.5961914,648.0769043,648.5576782,648.0769043,648.5576782,648.5576782,648.5576782,649.0384521,649.0384521,649.5192261,649.5192261,649.5192261,650,650,650,650.4807739
CARA_U2_T1,80.70000458,80.59999847,80.70000458,80.59999847,80.59999847,80.59999847,80.59999847,80.59999847,80.5,80.59999847,80.59999847,80.5,80.5,80.5,80.5,80.5,80.5,80.5,80.40000153,80.40000153,80.40000153,80.40000153,80.40000153,80.30000305,80.30000305,80.40000153,80.20000458,80.40000153,80.30000305,80.30000305,80.40000153,80.30000305,80.40000153,80.40000153,80.40000153,80.40000153,80.40000153,80.40000153,80.40000153,80.40000153,80.40000153,80.5,80.5,80.5,80.5,80.5,80.5,80.5,80.40000153,80.30000305,80.30000305,80.20000458,80.30000305,80.20000458,80.20000458,80.20000458,80.09999847,80.09999847,80.09999847,80.09999847,80.09999847,80.20000458,80.09999847,80.09999847,80.09999847,80.20000458,80.09999847,80.09999847,80.09999847,80,80,80.09999847,80.09999847,80.09999847,80.09999847,80.09999847,80.09999847,80.09999847,80.09999847,80,80,80,80,80,79.90000153,79.90000153,80,80,80,79.90000153,80.09999847,79.90000153,79.90000153,79.90000153,79.80000305,79.90000153,79.90000153,79.90000153,79.80000305,79.80000305,79.80000305,79.90000153,79.80000305,79.80000305,79.80000305,79.80000305,79.80000305,79.70000458,79.70000458,79.59999847,79.59999847,79.59999847,79.59999847,79.59999847,79.59999847,79.59999847,79.59999847,79.5,79.59999847,79.5,79.5,79.59999847,79.5,79.5,79.5,79.5,79.5,79.5,79.5,79.5,79.5,79.5,79.40000153,79.40000153,79.40000153,79.30000305,79.40000153,79.30000305,79.40000153,79.5,79.5,79.5,79.5,79.40000153,79.40000153,79.40000153,79.40000153,79.40000153,79.30000305,79.30000305,79.30000305,79.40000153,79.30000305,79.30000305,79.20000458,79.20000458,79.20000458,79.30000305,79.30000305,79.30000305,79.20000458,79.20000458,79.20000458,79.20000458,79.20000458,79.20000458,79.09999847,79.09999847,79.09999847,79,79,78.90000153,79,78.90000153,78.90000153,79,78.90000153,78.90000153,78.90000153,78.80000305,78.70000458,78.80000305,78.70000458,78.70000458,78.70000458,78.80000305,78.80000305,78.80000305,78.80000305,78.70000458,78.70000458,78.5,78.5,78.40000153,78.40000153,78.40000153,78.40000153,78.40000153,78.40000153,78.40000153,78.30000305,78.40000153,78.30000305,78.30000305,78.30000305,78.20000458,78.30000305,78.30000305,78.30000305,78.30000305
CARA_FLT025LSH,0,0,0,0,0,0,0,0,0,0,0,0,0,0,0,0,0,0,0,0,0,0,0,0,0,0,0,0,0,0,0,0,0,0,0,0,0,0,0,0,0,0,0,0,0,0,0,0,0,0,0,0,0,0,0,0,0,0,0,0,0,0,0,0,0,0,0,0,0,0,0,0,0,0,0,0,0,0,0,0,0,0,0,0,0,0,0,0,0,0,0,0,0,0,0,0,0,0,0,0,0,0,0,0,0,0,0,0,0,0,0,0,0,0,0,0,0,0,0,0,0,0,0,0,0,0,0,0,0,0,0,0,0,0,0,0,0,0,0,0,0,0,0,0,0,0,0,0,0,0,0,0,0,0,0,0,0,0,0,0,0,0,0,0,0,0,0,0,0,0,0,0,0,0,0,0,0,0,0,0,0,0,0,0,0,0,0,0,0,0,0,0,0,0,0,0,0,0,0,0,0,0,0,0,0,0,0,0,0,0
CARA_FLT025LSHH,0,0,0,0,0,0,0,0,0,0,0,0,0,0,0,0,0,0,0,0,0,0,0,0,0,0,0,0,0,0,0,0,0,0,0,0,0,0,0,0,0,0,0,0,0,0,0,0,0,0,0,0,0,0,0,0,0,0,0,0,0,0,0,0,0,0,0,0,0,0,0,0,0,0,0,0,0,0,0,0,0,0,0,0,0,0,0,0,0,0,0,0,0,0,0,0,0,0,0,0,0,0,0,0,0,0,0,0,0,0,0,0,0,0,0,0,0,0,0,0,0,0,0,0,0,0,0,0,0,0,0,0,0,0,0,0,0,0,0,0,0,0,0,0,0,0,0,0,0,0,0,0,0,0,0,0,0,0,0,0,0,0,0,0,0,0,0,0,0,0,0,0,0,0,0,0,0,0,0,0,0,0,0,0,0,0,0,0,0,0,0,0,0,0,0,0,0,0,0,0,0,0,0,0,0,0,0,0,0,0
CARA_FLT026LSH,0,0,0,0,0,0,0,0,0,0,0,0,0,0,0,0,0,0,0,0,0,0,0,0,0,0,0,0,0,0,0,0,0,0,0,0,0,0,0,0,0,0,0,0,0,0,0,0,0,0,0,0,0,0,0,0,0,0,0,0,0,0,0,0,0,0,0,0,0,0,0,0,0,0,0,0,0,0,0,0,0,0,0,0,0,0,0,0,0,0,0,0,0,0,0,0,0,0,0,0,0,0,0,0,0,0,0,0,0,0,0,0,0,0,0,0,0,0,0,0,0,0,0,0,0,0,0,0,0,0,0,0,0,0,0,0,0,0,0,0,0,0,0,0,0,0,0,0,0,0,0,0,0,0,0,0,0,0,0,0,0,0,0,0,0,0,0,0,0,0,0,0,0,0,0,0,0,0,0,0,0,0,0,0,0,0,0,0,0,0,0,0,0,0,0,0,0,0,0,0,0,0,0,0,0,0,0,0,0,0
CARA_FLT026LSHH,0,0,0,0,0,0,0,0,0,0,0,0,0,0,0,0,0,0,0,0,0,0,0,0,0,0,0,0,0,0,0,0,0,0,0,0,0,0,0,0,0,0,0,0,0,0,0,0,0,0,0,0,0,0,0,0,0,0,0,0,0,0,0,0,0,0,0,0,0,0,0,0,0,0,0,0,0,0,0,0,0,0,0,0,0,0,0,0,0,0,0,0,0,0,0,0,0,0,0,0,0,0,0,0,0,0,0,0,0,0,0,0,0,0,0,0,0,0,0,0,0,0,0,0,0,0,0,0,0,0,0,0,0,0,0,0,0,0,0,0,0,0,0,0,0,0,0,0,0,0,0,0,0,0,0,0,0,0,0,0,0,0,0,0,0,0,0,0,0,0,0,0,0,0,0,0,0,0,0,0,0,0,0,0,0,0,0,0,0,0,0,0,0,0,0,0,0,0,0,0,0,0,0,0,0,0,0,0,0,0
CARA_FLT029LSH,0,0,0,0,0,0,0,0,0,0,0,0,0,0,0,0,0,0,0,0,0,0,0,0,0,0,0,0,0,0,0,0,0,0,0,0,0,0,0,0,0,0,0,0,0,0,0,0,0,0,0,0,0,0,0,0,0,0,0,0,0,0,0,0,0,0,0,0,0,0,0,0,0,0,0,0,0,0,0,0,0,0,0,0,0,0,0,0,0,0,0,0,0,0,0,0,0,0,0,0,0,0,0,0,0,0,0,0,0,0,0,0,0,0,0,0,0,0,0,0,0,0,0,0,0,0,0,0,0,0,0,0,0,0,0,0,0,0,0,0,0,0,0,0,0,0,0,0,0,0,0,0,0,0,0,0,0,0,0,0,0,0,0,0,0,0,0,0,0,0,0,0,0,0,0,0,0,0,0,0,0,0,0,0,0,0,0,0,0,0,0,0,0,0,0,0,0,0,0,0,0,0,0,0,0,0,0,0,0,0
CARA_FLT029LSHH,0,0,0,0,0,0,0,0,0,0,0,0,0,0,0,0,0,0,0,0,0,0,0,0,0,0,0,0,0,0,0,0,0,0,0,0,0,0,0,0,0,0,0,0,0,0,0,0,0,0,0,0,0,0,0,0,0,0,0,0,0,0,0,0,0,0,0,0,0,0,0,0,0,0,0,0,0,0,0,0,0,0,0,0,0,0,0,0,0,0,0,0,0,0,0,0,0,0,0,0,0,0,0,0,0,0,0,0,0,0,0,0,0,0,0,0,0,0,0,0,0,0,0,0,0,0,0,0,0,0,0,0,0,0,0,0,0,0,0,0,0,0,0,0,0,0,0,0,0,0,0,0,0,0,0,0,0,0,0,0,0,0,0,0,0,0,0,0,0,0,0,0,0,0,0,0,0,0,0,0,0,0,0,0,0,0,0,0,0,0,0,0,0,0,0,0,0,0,0,0,0,0,0,0,0,0,0,0,0,0
CARA_FLT030LSH,0,0,0,0,0,0,0,0,0,0,0,0,0,0,0,0,0,0,0,0,0,0,0,0,0,0,0,0,0,0,0,0,0,0,0,0,0,0,0,0,0,0,0,0,0,0,0,0,0,0,0,0,0,0,0,0,0,0,0,0,0,0,0,0,0,0,0,0,0,0,0,0,0,0,0,0,0,0,0,0,0,0,0,0,0,0,0,0,0,0,0,0,0,0,0,0,0,0,0,0,0,0,0,0,0,0,0,0,0,0,0,0,0,0,0,0,0,0,0,0,0,0,0,0,0,0,0,0,0,0,0,0,0,0,0,0,0,0,0,0,0,0,0,0,0,0,0,0,0,0,0,0,0,0,0,0,0,0,0,0,0,0,0,0,0,0,0,0,0,0,0,0,0,0,0,0,0,0,0,0,0,0,0,0,0,0,0,0,0,0,0,0,0,0,0,0,0,0,0,0,0,0,0,0,0,0,0,0,0,0
CARA_FLT030LSHH,0,0,0,0,0,0,0,0,0,0,0,0,0,0,0,0,0,0,0,0,0,0,0,0,0,0,0,0,0,0,0,0,0,0,0,0,0,0,0,0,0,0,0,0,0,0,0,0,0,0,0,0,0,0,0,0,0,0,0,0,0,0,0,0,0,0,0,0,0,0,0,0,0,0,0,0,0,0,0,0,0,0,0,0,0,0,0,0,0,0,0,0,0,0,0,0,0,0,0,0,0,0,0,0,0,0,0,0,0,0,0,0,0,0,0,0,0,0,0,0,0,0,0,0,0,0,0,0,0,0,0,0,0,0,0,0,0,0,0,0,0,0,0,0,0,0,0,0,0,0,0,0,0,0,0,0,0,0,0,0,0,0,0,0,0,0,0,0,0,0,0,0,0,0,0,0,0,0,0,0,0,0,0,0,0,0,0,0,0,0,0,0,0,0,0,0,0,0,0,0,0,0,0,0,0,0,0,0,0,0
CARA_ESDV001_OPN,0,0,0,0,0,0,0,0,0,0,0,0,0,0,0,0,0,0,0,0,0,0,0,0,0,0,0,0,0,0,0,0,0,0,0,0,0,0,0,0,0,0,0,0,0,0,0,0,0,0,0,0,0,0,0,0,0,0,0,0,0,0,0,0,0,0,0,0,0,0,0,0,0,0,0,0,0,0,0,0,0,0,0,0,0,0,0,0,0,0,0,0,0,0,0,0,0,0,0,0,0,0,0,0,0,0,0,0,0,0,0,0,0,0,0,0,0,0,0,0,0,0,0,0,0,0,0,0,0,0,0,0,0,0,0,0,0,0,0,0,0,0,0,0,0,0,0,0,0,0,0,0,0,0,0,0,0,0,0,0,0,0,0,0,0,0,0,0,0,0,0,0,0,0,0,0,0,0,0,0,0,0,0,0,0,0,0,0,0,0,0,0,0,0,0,0,0,0,0,0,0,0,0,0,0,0,0,0,0,0
CARA_ESDV001_CLS,1,1,1,1,1,1,1,1,1,1,1,1,1,1,1,1,1,1,1,1,1,1,1,1,1,1,1,1,1,1,1,1,1,1,1,1,1,1,1,1,1,1,1,1,1,1,1,1,1,1,1,1,1,1,1,1,1,1,1,1,1,1,1,1,1,1,1,1,1,1,1,1,1,1,1,1,1,1,1,1,1,1,1,1,1,1,1,1,1,1,1,1,1,1,1,1,1,1,1,1,1,1,1,1,1,1,1,1,1,1,1,1,1,1,1,1,1,1,1,1,1,1,1,1,1,1,1,1,1,1,1,1,1,1,1,1,1,1,1,1,1,1,1,1,1,1,1,1,1,1,1,1,1,1,1,1,1,1,1,1,1,1,1,1,1,1,1,1,1,1,1,1,1,1,1,1,1,1,1,1,1,1,1,1,1,1,1,1,1,1,1,1,1,1,1,1,1,1,1,1,1,1,1,1,1,1,1,1,1,1
CARA_MOV002_OPN,1,1,1,1,1,1,1,1,1,1,1,1,1,1,1,1,1,1,1,1,1,1,1,1,1,1,1,1,1,1,1,1,1,1,1,1,1,1,1,1,1,1,1,1,1,1,1,1,1,1,1,1,1,1,1,1,1,1,1,1,1,1,1,1,1,1,1,1,1,1,1,1,1,1,1,1,1,1,1,1,1,1,1,1,1,1,1,1,1,1,1,1,1,1,1,1,1,1,1,1,1,1,1,1,1,1,1,1,1,1,1,1,1,1,1,1,1,1,1,1,1,1,1,1,1,1,1,1,1,1,1,1,1,1,1,1,1,1,1,1,1,1,1,1,1,1,1,1,1,1,1,1,1,1,1,1,1,1,1,1,1,1,1,1,1,1,1,1,1,1,1,1,1,1,1,1,1,1,1,1,1,1,1,1,1,1,1,1,1,1,1,1,1,1,1,1,1,1,1,1,1,1,1,1,1,1,1,1,1,1
CARA_MOV002_CLS,0,0,0,0,0,0,0,0,0,0,0,0,0,0,0,0,0,0,0,0,0,0,0,0,0,0,0,0,0,0,0,0,0,0,0,0,0,0,0,0,0,0,0,0,0,0,0,0,0,0,0,0,0,0,0,0,0,0,0,0,0,0,0,0,0,0,0,0,0,0,0,0,0,0,0,0,0,0,0,0,0,0,0,0,0,0,0,0,0,0,0,0,0,0,0,0,0,0,0,0,0,0,0,0,0,0,0,0,0,0,0,0,0,0,0,0,0,0,0,0,0,0,0,0,0,0,0,0,0,0,0,0,0,0,0,0,0,0,0,0,0,0,0,0,0,0,0,0,0,0,0,0,0,0,0,0,0,0,0,0,0,0,0,0,0,0,0,0,0,0,0,0,0,0,0,0,0,0,0,0,0,0,0,0,0,0,0,0,0,0,0,0,0,0,0,0,0,0,0,0,0,0,0,0,0,0,0,0,0,0
CARA_MOV003_OPN,0,0,0,0,0,0,0,0,0,0,0,0,0,0,0,0,0,0,0,0,0,0,0,0,0,0,0,0,0,0,0,0,0,0,0,0,0,0,0,0,0,0,0,0,0,0,0,0,0,0,0,0,0,0,0,0,0,0,0,0,0,0,0,0,0,0,0,0,0,0,0,0,0,0,0,0,0,0,0,0,0,0,0,0,0,0,0,0,0,0,0,0,0,0,0,0,0,0,0,0,0,0,0,0,0,0,0,0,0,0,0,0,0,0,0,0,0,0,0,0,0,0,0,0,0,0,0,0,0,0,0,0,0,0,0,0,0,0,0,0,0,0,0,0,0,0,0,0,0,0,0,0,0,0,0,0,0,0,0,0,0,0,0,0,0,0,0,0,0,0,0,0,0,0,0,0,0,0,0,0,0,0,0,0,0,0,0,0,0,0,0,0,0,0,0,0,0,0,0,0,0,0,0,0,0,0,0,0,0,0
CARA_MOV003_CLS,1,1,1,1,1,1,1,1,1,1,1,1,1,1,1,1,1,1,1,1,1,1,1,1,1,1,1,1,1,1,1,1,1,1,1,1,1,1,1,1,1,1,1,1,1,1,1,1,1,1,1,1,1,1,1,1,1,1,1,1,1,1,1,1,1,1,1,1,1,1,1,1,1,1,1,1,1,1,1,1,1,1,1,1,1,1,1,1,1,1,1,1,1,1,1,1,1,1,1,1,1,1,1,1,1,1,1,1,1,1,1,1,1,1,1,1,1,1,1,1,1,1,1,1,1,1,1,1,1,1,1,1,1,1,1,1,1,1,1,1,1,1,1,1,1,1,1,1,1,1,1,1,1,1,1,1,1,1,1,1,1,1,1,1,1,1,1,1,1,1,1,1,1,1,1,1,1,1,1,1,1,1,1,1,1,1,1,1,1,1,1,1,1,1,1,1,1,1,1,1,1,1,1,1,1,1,1,1,1,1
CARA_MOV004_OPN,0,0,0,0,0,0,0,0,0,0,0,0,0,0,0,0,0,0,0,0,0,0,0,0,0,0,0,0,0,0,0,0,0,0,0,0,0,0,0,0,0,0,0,0,0,0,0,0,0,0,0,0,0,0,0,0,0,0,0,0,0,0,0,0,0,0,0,0,0,0,0,0,0,0,0,0,0,0,0,0,0,0,0,0,0,0,0,0,0,0,0,0,0,0,0,0,0,0,0,0,0,0,0,0,0,0,0,0,0,0,0,0,0,0,0,0,0,0,0,0,0,0,0,0,0,0,0,0,0,0,0,0,0,0,0,0,0,0,0,0,0,0,0,0,0,0,0,0,0,0,0,0,0,0,0,0,0,0,0,0,0,0,0,0,0,0,0,0,0,0,0,0,0,0,0,0,0,0,0,0,0,0,0,0,0,0,0,0,0,0,0,0,0,0,0,0,0,0,0,0,0,0,0,0,0,0,0,0,0,0
CARA_MOV004_CLS,1,1,1,1,1,1,1,1,1,1,1,1,1,1,1,1,1,1,1,1,1,1,1,1,1,1,1,1,1,1,1,1,1,1,1,1,1,1,1,1,1,1,1,1,1,1,1,1,1,1,1,1,1,1,1,1,1,1,1,1,1,1,1,1,1,1,1,1,1,1,1,1,1,1,1,1,1,1,1,1,1,1,1,1,1,1,1,1,1,1,1,1,1,1,1,1,1,1,1,1,1,1,1,1,1,1,1,1,1,1,1,1,1,1,1,1,1,1,1,1,1,1,1,1,1,1,1,1,1,1,1,1,1,1,1,1,1,1,1,1,1,1,1,1,1,1,1,1,1,1,1,1,1,1,1,1,1,1,1,1,1,1,1,1,1,1,1,1,1,1,1,1,1,1,1,1,1,1,1,1,1,1,1,1,1,1,1,1,1,1,1,1,1,1,1,1,1,1,1,1,1,1,1,1,1,1,1,1,1,1
CARA_MOV005_OPN,0,0,0,0,0,0,0,0,0,0,0,0,0,0,0,0,0,0,0,0,0,0,0,0,0,0,0,0,0,0,0,0,0,0,0,0,0,0,0,0,0,0,0,0,0,0,0,0,0,0,0,0,0,0,0,0,0,0,0,0,0,0,0,0,0,0,0,0,0,0,0,0,0,0,0,0,0,0,0,0,0,0,0,0,0,0,0,0,0,0,0,0,0,0,0,0,0,0,0,0,0,0,0,0,0,0,0,0,0,0,0,0,0,0,0,0,0,0,0,0,0,0,0,0,0,0,0,0,0,0,0,0,0,0,0,0,0,0,0,0,0,0,0,0,0,0,0,0,0,0,0,0,0,0,0,0,0,0,0,0,0,0,0,0,0,0,0,0,0,0,0,0,0,0,0,0,0,0,0,0,0,0,0,0,0,0,0,0,0,0,0,0,0,0,0,0,0,0,0,0,0,0,0,0,0,0,0,0,0,0
CARA_MOV005_CLS,1,1,1,1,1,1,1,1,1,1,1,1,1,1,1,1,1,1,1,1,1,1,1,1,1,1,1,1,1,1,1,1,1,1,1,1,1,1,1,1,1,1,1,1,1,1,1,1,1,1,1,1,1,1,1,1,1,1,1,1,1,1,1,1,1,1,1,1,1,1,1,1,1,1,1,1,1,1,1,1,1,1,1,1,1,1,1,1,1,1,1,1,1,1,1,1,1,1,1,1,1,1,1,1,1,1,1,1,1,1,1,1,1,1,1,1,1,1,1,1,1,1,1,1,1,1,1,1,1,1,1,1,1,1,1,1,1,1,1,1,1,1,1,1,1,1,1,1,1,1,1,1,1,1,1,1,1,1,1,1,1,1,1,1,1,1,1,1,1,1,1,1,1,1,1,1,1,1,1,1,1,1,1,1,1,1,1,1,1,1,1,1,1,1,1,1,1,1,1,1,1,1,1,1,1,1,1,1,1,1
CARA_MOV006_OPN,1,1,1,1,1,1,1,1,1,1,1,1,1,1,1,1,1,1,1,1,1,1,1,1,1,1,1,1,1,1,1,1,1,1,1,1,1,1,1,1,1,1,1,1,1,1,1,1,1,1,1,1,1,1,1,1,1,1,1,1,1,1,1,1,1,1,1,1,1,1,1,1,1,1,1,1,1,1,1,1,1,1,1,1,1,1,1,1,1,1,1,1,1,1,1,1,1,1,1,1,1,1,1,1,1,1,1,1,1,1,1,1,1,1,1,1,1,1,1,1,1,1,1,1,1,1,1,1,1,1,1,1,1,1,1,1,1,1,1,1,1,1,1,1,1,1,1,1,1,1,1,1,1,1,1,1,1,1,1,1,1,1,1,1,1,1,1,1,1,1,1,1,1,1,1,1,1,1,1,1,1,1,1,1,1,1,1,1,1,1,1,1,1,1,1,1,1,1,1,1,1,1,1,1,1,1,1,1,1,1
CARA_MOV006_CLS,0,0,0,0,0,0,0,0,0,0,0,0,0,0,0,0,0,0,0,0,0,0,0,0,0,0,0,0,0,0,0,0,0,0,0,0,0,0,0,0,0,0,0,0,0,0,0,0,0,0,0,0,0,0,0,0,0,0,0,0,0,0,0,0,0,0,0,0,0,0,0,0,0,0,0,0,0,0,0,0,0,0,0,0,0,0,0,0,0,0,0,0,0,0,0,0,0,0,0,0,0,0,0,0,0,0,0,0,0,0,0,0,0,0,0,0,0,0,0,0,0,0,0,0,0,0,0,0,0,0,0,0,0,0,0,0,0,0,0,0,0,0,0,0,0,0,0,0,0,0,0,0,0,0,0,0,0,0,0,0,0,0,0,0,0,0,0,0,0,0,0,0,0,0,0,0,0,0,0,0,0,0,0,0,0,0,0,0,0,0,0,0,0,0,0,0,0,0,0,0,0,0,0,0,0,0,0,0,0,0
CARA_ESDV007_OPN,0,0,0,0,0,0,0,0,0,0,0,0,0,0,0,0,0,0,0,0,0,0,0,0,0,0,0,0,0,0,0,0,0,0,0,0,0,0,0,0,0,0,0,0,0,0,0,0,0,0,0,0,0,0,0,0,0,0,0,0,0,0,0,0,0,0,0,0,0,0,0,0,0,0,0,0,0,0,0,0,0,0,0,0,0,0,0,0,0,0,0,0,0,0,0,0,0,0,0,0,0,0,0,0,0,0,0,0,0,0,0,0,0,0,0,0,0,0,0,0,0,0,0,0,0,0,0,0,0,0,0,0,0,0,0,0,0,0,0,0,0,0,0,0,0,0,0,0,0,0,0,0,0,0,0,0,0,0,0,0,0,0,0,0,0,0,0,0,0,0,0,0,0,0,0,0,0,0,0,0,0,0,0,0,0,0,0,0,0,0,0,0,0,0,0,0,0,0,0,0,0,0,0,0,0,0,0,0,0,0
CARA_ESDV007_CLS,1,1,1,1,1,1,1,1,1,1,1,1,1,1,1,1,1,1,1,1,1,1,1,1,1,1,1,1,1,1,1,1,1,1,1,1,1,1,1,1,1,1,1,1,1,1,1,1,1,1,1,1,1,1,1,1,1,1,1,1,1,1,1,1,1,1,1,1,1,1,1,1,1,1,1,1,1,1,1,1,1,1,1,1,1,1,1,1,1,1,1,1,1,1,1,1,1,1,1,1,1,1,1,1,1,1,1,1,1,1,1,1,1,1,1,1,1,1,1,1,1,1,1,1,1,1,1,1,1,1,1,1,1,1,1,1,1,1,1,1,1,1,1,1,1,1,1,1,1,1,1,1,1,1,1,1,1,1,1,1,1,1,1,1,1,1,1,1,1,1,1,1,1,1,1,1,1,1,1,1,1,1,1,1,1,1,1,1,1,1,1,1,1,1,1,1,1,1,1,1,1,1,1,1,1,1,1,1,1,1
CARA_MOV008_OPN,0,0,0,0,0,0,0,0,0,0,0,0,0,0,0,0,0,0,0,0,0,0,0,0,0,0,0,0,0,0,0,0,0,0,0,0,0,0,0,0,0,0,0,0,0,0,0,0,0,0,0,0,0,0,0,0,0,0,0,0,0,0,0,0,0,0,0,0,0,0,0,0,0,0,0,0,0,0,0,0,0,0,0,0,0,0,0,0,0,0,0,0,0,0,0,0,0,0,0,0,0,0,0,0,0,0,0,0,0,0,0,0,0,0,0,0,0,0,0,0,0,0,0,0,0,0,0,0,0,0,0,0,0,0,0,0,0,0,0,0,0,0,0,0,0,0,0,0,0,0,0,0,0,0,0,0,0,0,0,0,0,0,0,0,0,0,0,0,0,0,0,0,0,0,0,0,0,0,0,0,0,0,0,0,0,0,0,0,0,0,0,0,0,0,0,0,0,0,0,0,0,0,0,0,0,0,0,0,0,0
CARA_MOV008_CLS,1,1,1,1,1,1,1,1,1,1,1,1,1,1,1,1,1,1,1,1,1,1,1,1,1,1,1,1,1,1,1,1,1,1,1,1,1,1,1,1,1,1,1,1,1,1,1,1,1,1,1,1,1,1,1,1,1,1,1,1,1,1,1,1,1,1,1,1,1,1,1,1,1,1,1,1,1,1,1,1,1,1,1,1,1,1,1,1,1,1,1,1,1,1,1,1,1,1,1,1,1,1,1,1,1,1,1,1,1,1,1,1,1,1,1,1,1,1,1,1,1,1,1,1,1,1,1,1,1,1,1,1,1,1,1,1,1,1,1,1,1,1,1,1,1,1,1,1,1,1,1,1,1,1,1,1,1,1,1,1,1,1,1,1,1,1,1,1,1,1,1,1,1,1,1,1,1,1,1,1,1,1,1,1,1,1,1,1,1,1,1,1,1,1,1,1,1,1,1,1,1,1,1,1,1,1,1,1,1,1
CARA_MOV009_OPN,1,1,1,1,1,1,1,1,1,1,1,1,1,1,1,1,1,1,1,1,1,1,1,1,1,1,1,1,1,1,1,1,1,1,1,1,1,1,1,1,1,1,1,1,1,1,1,1,1,1,1,1,1,1,1,1,1,1,1,1,1,1,1,1,1,1,1,1,1,1,1,1,1,1,1,1,1,1,1,1,1,1,1,1,1,1,1,1,1,1,1,1,1,1,1,1,1,1,1,1,1,1,1,1,1,1,1,1,1,1,1,1,1,1,1,1,1,1,1,1,1,1,1,1,1,1,1,1,1,1,1,1,1,1,1,1,1,1,1,1,1,1,1,1,1,1,1,1,1,1,1,1,1,1,1,1,1,1,1,1,1,1,1,1,1,1,1,1,1,1,1,1,1,1,1,1,1,1,1,1,1,1,1,1,1,1,1,1,1,1,1,1,1,1,1,1,1,1,1,1,1,1,1,1,1,1,1,1,1,1
CARA_MOV009_CLS,0,0,0,0,0,0,0,0,0,0,0,0,0,0,0,0,0,0,0,0,0,0,0,0,0,0,0,0,0,0,0,0,0,0,0,0,0,0,0,0,0,0,0,0,0,0,0,0,0,0,0,0,0,0,0,0,0,0,0,0,0,0,0,0,0,0,0,0,0,0,0,0,0,0,0,0,0,0,0,0,0,0,0,0,0,0,0,0,0,0,0,0,0,0,0,0,0,0,0,0,0,0,0,0,0,0,0,0,0,0,0,0,0,0,0,0,0,0,0,0,0,0,0,0,0,0,0,0,0,0,0,0,0,0,0,0,0,0,0,0,0,0,0,0,0,0,0,0,0,0,0,0,0,0,0,0,0,0,0,0,0,0,0,0,0,0,0,0,0,0,0,0,0,0,0,0,0,0,0,0,0,0,0,0,0,0,0,0,0,0,0,0,0,0,0,0,0,0,0,0,0,0,0,0,0,0,0,0,0,0
CARA_MOV010_OPN,0,0,0,0,0,0,0,0,0,0,0,0,0,0,0,0,0,0,0,0,0,0,0,0,0,0,0,0,0,0,0,0,0,0,0,0,0,0,0,0,0,0,0,0,0,0,0,0,0,0,0,0,0,0,0,0,0,0,0,0,0,0,0,0,0,0,0,0,0,0,0,0,0,0,0,0,0,0,0,0,0,0,0,0,0,0,0,0,0,0,0,0,0,0,0,0,0,0,0,0,0,0,0,0,0,0,0,0,0,0,0,0,0,0,0,0,0,0,0,0,0,0,0,0,0,0,0,0,0,0,0,0,0,0,0,0,0,0,0,0,0,0,0,0,0,0,0,0,0,0,0,0,0,0,0,0,0,0,0,0,0,0,0,0,0,0,0,0,0,0,0,0,0,0,0,0,0,0,0,0,0,0,0,0,0,0,0,0,0,0,0,0,0,0,0,0,0,0,0,0,0,0,0,0,0,0,0,0,0,0
CARA_MOV010_CLS,1,1,1,1,1,1,1,1,1,1,1,1,1,1,1,1,1,1,1,1,1,1,1,1,1,1,1,1,1,1,1,1,1,1,1,1,1,1,1,1,1,1,1,1,1,1,1,1,1,1,1,1,1,1,1,1,1,1,1,1,1,1,1,1,1,1,1,1,1,1,1,1,1,1,1,1,1,1,1,1,1,1,1,1,1,1,1,1,1,1,1,1,1,1,1,1,1,1,1,1,1,1,1,1,1,1,1,1,1,1,1,1,1,1,1,1,1,1,1,1,1,1,1,1,1,1,1,1,1,1,1,1,1,1,1,1,1,1,1,1,1,1,1,1,1,1,1,1,1,1,1,1,1,1,1,1,1,1,1,1,1,1,1,1,1,1,1,1,1,1,1,1,1,1,1,1,1,1,1,1,1,1,1,1,1,1,1,1,1,1,1,1,1,1,1,1,1,1,1,1,1,1,1,1,1,1,1,1,1,1
CARA_MOV011_OPN,0,0,0,0,0,0,0,0,0,0,0,0,0,0,0,0,0,0,0,0,0,0,0,0,0,0,0,0,0,0,0,0,0,0,0,0,0,0,0,0,0,0,0,0,0,0,0,0,0,0,0,0,0,0,0,0,0,0,0,0,0,0,0,0,0,0,0,0,0,0,0,0,0,0,0,0,0,0,0,0,0,0,0,0,0,0,0,0,0,0,0,0,0,0,0,0,0,0,0,0,0,0,0,0,0,0,0,0,0,0,0,0,0,0,0,0,0,0,0,0,0,0,0,0,0,0,0,0,0,0,0,0,0,0,0,0,0,0,0,0,0,0,0,0,0,0,0,0,0,0,0,0,0,0,0,0,0,0,0,0,0,0,0,0,0,0,0,0,0,0,0,0,0,0,0,0,0,0,0,0,0,0,0,0,0,0,0,0,0,0,0,0,0,0,0,0,0,0,0,0,0,0,0,0,0,0,0,0,0,0
CARA_MOV011_CLS,1,1,1,1,1,1,1,1,1,1,1,1,1,1,1,1,1,1,1,1,1,1,1,1,1,1,1,1,1,1,1,1,1,1,1,1,1,1,1,1,1,1,1,1,1,1,1,1,1,1,1,1,1,1,1,1,1,1,1,1,1,1,1,1,1,1,1,1,1,1,1,1,1,1,1,1,1,1,1,1,1,1,1,1,1,1,1,1,1,1,1,1,1,1,1,1,1,1,1,1,1,1,1,1,1,1,1,1,1,1,1,1,1,1,1,1,1,1,1,1,1,1,1,1,1,1,1,1,1,1,1,1,1,1,1,1,1,1,1,1,1,1,1,1,1,1,1,1,1,1,1,1,1,1,1,1,1,1,1,1,1,1,1,1,1,1,1,1,1,1,1,1,1,1,1,1,1,1,1,1,1,1,1,1,1,1,1,1,1,1,1,1,1,1,1,1,1,1,1,1,1,1,1,1,1,1,1,1,1,1
CARA_MOV012_OPN,1,1,1,1,1,1,1,1,1,1,1,1,1,1,1,1,1,1,1,1,1,1,1,1,1,1,1,1,1,1,1,1,1,1,1,1,1,1,1,1,1,1,1,1,1,1,1,1,1,1,1,1,1,1,1,1,1,1,1,1,1,1,1,1,1,1,1,1,1,1,1,1,1,1,1,1,1,1,1,1,1,1,1,1,1,1,1,1,1,1,1,1,1,1,1,1,1,1,1,1,1,1,1,1,1,1,1,1,1,1,1,1,1,1,1,1,1,1,1,1,1,1,1,1,1,1,1,1,1,1,1,1,1,1,1,1,1,1,1,1,1,1,1,1,1,1,1,1,1,1,1,1,1,1,1,1,1,1,1,1,1,1,1,1,1,1,1,1,1,1,1,1,1,1,1,1,1,1,1,1,1,1,1,1,1,1,1,1,1,1,1,1,1,1,1,1,1,1,1,1,1,1,1,1,1,1,1,1,1,1
CARA_MOV012_CLS,0,0,0,0,0,0,0,0,0,0,0,0,0,0,0,0,0,0,0,0,0,0,0,0,0,0,0,0,0,0,0,0,0,0,0,0,0,0,0,0,0,0,0,0,0,0,0,0,0,0,0,0,0,0,0,0,0,0,0,0,0,0,0,0,0,0,0,0,0,0,0,0,0,0,0,0,0,0,0,0,0,0,0,0,0,0,0,0,0,0,0,0,0,0,0,0,0,0,0,0,0,0,0,0,0,0,0,0,0,0,0,0,0,0,0,0,0,0,0,0,0,0,0,0,0,0,0,0,0,0,0,0,0,0,0,0,0,0,0,0,0,0,0,0,0,0,0,0,0,0,0,0,0,0,0,0,0,0,0,0,0,0,0,0,0,0,0,0,0,0,0,0,0,0,0,0,0,0,0,0,0,0,0,0,0,0,0,0,0,0,0,0,0,0,0,0,0,0,0,0,0,0,0,0,0,0,0,0,0,0
CARA_ESDV013_OPN,1,1,1,1,1,1,1,1,1,1,1,1,1,1,1,1,1,1,1,1,1,1,1,1,1,1,1,1,1,1,1,1,1,1,1,1,1,1,1,1,1,1,1,1,1,1,1,1,1,1,1,1,1,1,1,1,1,1,1,1,1,1,1,1,1,1,1,1,1,1,1,1,1,1,1,1,1,1,1,1,1,1,1,1,1,1,1,1,1,1,1,1,1,1,1,1,1,1,1,1,1,1,1,1,1,1,1,1,1,1,1,1,1,1,1,1,1,1,1,1,1,1,1,1,1,1,1,1,1,1,1,1,1,1,1,1,1,1,1,1,1,1,1,1,1,1,1,1,1,1,1,1,1,1,1,1,1,1,1,1,1,1,1,1,1,1,1,1,1,1,1,1,1,1,1,1,1,1,1,1,1,1,1,1,1,1,1,1,1,1,1,1,1,1,1,1,1,1,1,1,1,1,1,1,1,1,1,1,1,1
CARA_ESDV013_CLS,0,0,0,0,0,0,0,0,0,0,0,0,0,0,0,0,0,0,0,0,0,0,0,0,0,0,0,0,0,0,0,0,0,0,0,0,0,0,0,0,0,0,0,0,0,0,0,0,0,0,0,0,0,0,0,0,0,0,0,0,0,0,0,0,0,0,0,0,0,0,0,0,0,0,0,0,0,0,0,0,0,0,0,0,0,0,0,0,0,0,0,0,0,0,0,0,0,0,0,0,0,0,0,0,0,0,0,0,0,0,0,0,0,0,0,0,0,0,0,0,0,0,0,0,0,0,0,0,0,0,0,0,0,0,0,0,0,0,0,0,0,0,0,0,0,0,0,0,0,0,0,0,0,0,0,0,0,0,0,0,0,0,0,0,0,0,0,0,0,0,0,0,0,0,0,0,0,0,0,0,0,0,0,0,0,0,0,0,0,0,0,0,0,0,0,0,0,0,0,0,0,0,0,0,0,0,0,0,0,0
CARA_MOV014_OPN,0,0,0,0,0,0,0,0,0,0,0,0,0,0,0,0,0,0,0,0,0,0,0,0,0,0,0,0,0,0,0,0,0,0,0,0,0,0,0,0,0,0,0,0,0,0,0,0,0,0,0,0,0,0,0,0,0,0,0,0,0,0,0,0,0,0,0,0,0,0,0,0,0,0,0,0,0,0,0,0,0,0,0,0,0,0,0,0,0,0,0,0,0,0,0,0,0,0,0,0,0,0,0,0,0,0,0,0,0,0,0,0,0,0,0,0,0,0,0,0,0,0,0,0,0,0,0,0,0,0,0,0,0,0,0,0,0,0,0,0,0,0,0,0,0,0,0,0,0,0,0,0,0,0,0,0,0,0,0,0,0,0,0,0,0,0,0,0,0,0,0,0,0,0,0,0,0,0,0,0,0,0,0,0,0,0,0,0,0,0,0,0,0,0,0,0,0,0,0,0,0,0,0,0,0,0,0,0,0,0
CARA_MOV014_CLS,1,1,1,1,1,1,1,1,1,1,1,1,1,1,1,1,1,1,1,1,1,1,1,1,1,1,1,1,1,1,1,1,1,1,1,1,1,1,1,1,1,1,1,1,1,1,1,1,1,1,1,1,1,1,1,1,1,1,1,1,1,1,1,1,1,1,1,1,1,1,1,1,1,1,1,1,1,1,1,1,1,1,1,1,1,1,1,1,1,1,1,1,1,1,1,1,1,1,1,1,1,1,1,1,1,1,1,1,1,1,1,1,1,1,1,1,1,1,1,1,1,1,1,1,1,1,1,1,1,1,1,1,1,1,1,1,1,1,1,1,1,1,1,1,1,1,1,1,1,1,1,1,1,1,1,1,1,1,1,1,1,1,1,1,1,1,1,1,1,1,1,1,1,1,1,1,1,1,1,1,1,1,1,1,1,1,1,1,1,1,1,1,1,1,1,1,1,1,1,1,1,1,1,1,1,1,1,1,1,1
CARA_MOV015_OPN,1,1,1,1,1,1,1,1,1,1,1,1,1,1,1,1,1,1,1,1,1,1,1,1,1,1,1,1,1,1,1,1,1,1,1,1,1,1,1,1,1,1,1,1,1,1,1,1,1,1,1,1,1,1,1,1,1,1,1,1,1,1,1,1,1,1,1,1,1,1,1,1,1,1,1,1,1,1,1,1,1,1,1,1,1,1,1,1,1,1,1,1,1,1,1,1,1,1,1,1,1,1,1,1,1,1,1,1,1,1,1,1,1,1,1,1,1,1,1,1,1,1,1,1,1,1,1,1,1,1,1,1,1,1,1,1,1,1,1,1,1,1,1,1,1,1,1,1,1,1,1,1,1,1,1,1,1,1,1,1,1,1,1,1,1,1,1,1,1,1,1,1,1,1,1,1,1,1,1,1,1,1,1,1,1,1,1,1,1,1,1,1,1,1,1,1,1,1,1,1,1,1,1,1,1,1,1,1,1,1
CARA_MOV015_CLS,0,0,0,0,0,0,0,0,0,0,0,0,0,0,0,0,0,0,0,0,0,0,0,0,0,0,0,0,0,0,0,0,0,0,0,0,0,0,0,0,0,0,0,0,0,0,0,0,0,0,0,0,0,0,0,0,0,0,0,0,0,0,0,0,0,0,0,0,0,0,0,0,0,0,0,0,0,0,0,0,0,0,0,0,0,0,0,0,0,0,0,0,0,0,0,0,0,0,0,0,0,0,0,0,0,0,0,0,0,0,0,0,0,0,0,0,0,0,0,0,0,0,0,0,0,0,0,0,0,0,0,0,0,0,0,0,0,0,0,0,0,0,0,0,0,0,0,0,0,0,0,0,0,0,0,0,0,0,0,0,0,0,0,0,0,0,0,0,0,0,0,0,0,0,0,0,0,0,0,0,0,0,0,0,0,0,0,0,0,0,0,0,0,0,0,0,0,0,0,0,0,0,0,0,0,0,0,0,0,0
CARA_MOV016_OPN,0,0,0,0,0,0,0,0,0,0,0,0,0,0,0,0,0,0,0,0,0,0,0,0,0,0,0,0,0,0,0,0,0,0,0,0,0,0,0,0,0,0,0,0,0,0,0,0,0,0,0,0,0,0,0,0,0,0,0,0,0,0,0,0,0,0,0,0,0,0,0,0,0,0,0,0,0,0,0,0,0,0,0,0,0,0,0,0,0,0,0,0,0,0,0,0,0,0,0,0,0,0,0,0,0,0,0,0,0,0,0,0,0,0,0,0,0,0,0,0,0,0,0,0,0,0,0,0,0,0,0,0,0,0,0,0,0,0,0,0,0,0,0,0,0,0,0,0,0,0,0,0,0,0,0,0,0,0,0,0,0,0,0,0,0,0,0,0,0,0,0,0,0,0,0,0,0,0,0,0,0,0,0,0,0,0,0,0,0,0,0,0,0,0,0,0,0,0,0,0,0,0,0,0,0,0,0,0,0,0
CARA_MOV016_CLS,1,1,1,1,1,1,1,1,1,1,1,1,1,1,1,1,1,1,1,1,1,1,1,1,1,1,1,1,1,1,1,1,1,1,1,1,1,1,1,1,1,1,1,1,1,1,1,1,1,1,1,1,1,1,1,1,1,1,1,1,1,1,1,1,1,1,1,1,1,1,1,1,1,1,1,1,1,1,1,1,1,1,1,1,1,1,1,1,1,1,1,1,1,1,1,1,1,1,1,1,1,1,1,1,1,1,1,1,1,1,1,1,1,1,1,1,1,1,1,1,1,1,1,1,1,1,1,1,1,1,1,1,1,1,1,1,1,1,1,1,1,1,1,1,1,1,1,1,1,1,1,1,1,1,1,1,1,1,1,1,1,1,1,1,1,1,1,1,1,1,1,1,1,1,1,1,1,1,1,1,1,1,1,1,1,1,1,1,1,1,1,1,1,1,1,1,1,1,1,1,1,1,1,1,1,1,1,1,1,1
CARA_MOV017_OPN,1,1,1,1,1,1,1,1,1,1,1,1,1,1,1,1,1,1,1,1,1,1,1,1,1,1,1,1,1,1,1,1,1,1,1,1,1,1,1,1,1,1,1,1,1,1,1,1,1,1,1,1,1,1,1,1,1,1,1,1,1,1,1,1,1,1,1,1,1,1,1,1,1,1,1,1,1,1,1,1,1,1,1,1,1,1,1,1,1,1,1,1,1,1,1,1,1,1,1,1,1,1,1,1,1,1,1,1,1,1,1,1,1,1,1,1,1,1,1,1,1,1,1,1,1,1,1,1,1,1,1,1,1,1,1,1,1,1,1,1,1,1,1,1,1,1,1,1,1,1,1,1,1,1,1,1,1,1,1,1,1,1,1,1,1,1,1,1,1,1,1,1,1,1,1,1,1,1,1,1,1,1,1,1,1,1,1,1,1,1,1,1,1,1,1,1,1,1,1,1,1,1,1,1,1,1,1,1,1,1
CARA_MOV017_CLS,0,0,0,0,0,0,0,0,0,0,0,0,0,0,0,0,0,0,0,0,0,0,0,0,0,0,0,0,0,0,0,0,0,0,0,0,0,0,0,0,0,0,0,0,0,0,0,0,0,0,0,0,0,0,0,0,0,0,0,0,0,0,0,0,0,0,0,0,0,0,0,0,0,0,0,0,0,0,0,0,0,0,0,0,0,0,0,0,0,0,0,0,0,0,0,0,0,0,0,0,0,0,0,0,0,0,0,0,0,0,0,0,0,0,0,0,0,0,0,0,0,0,0,0,0,0,0,0,0,0,0,0,0,0,0,0,0,0,0,0,0,0,0,0,0,0,0,0,0,0,0,0,0,0,0,0,0,0,0,0,0,0,0,0,0,0,0,0,0,0,0,0,0,0,0,0,0,0,0,0,0,0,0,0,0,0,0,0,0,0,0,0,0,0,0,0,0,0,0,0,0,0,0,0,0,0,0,0,0,0
CARA_MOV018_OPN,0,0,0,0,0,0,0,0,0,0,0,0,0,0,0,0,0,0,0,0,0,0,0,0,0,0,0,0,0,0,0,0,0,0,0,0,0,0,0,0,0,0,0,0,0,0,0,0,0,0,0,0,0,0,0,0,0,0,0,0,0,0,0,0,0,0,0,0,0,0,0,0,0,0,0,0,0,0,0,0,0,0,0,0,0,0,0,0,0,0,0,0,0,0,0,0,0,0,0,0,0,0,0,0,0,0,0,0,0,0,0,0,0,0,0,0,0,0,0,0,0,0,0,0,0,0,0,0,0,0,0,0,0,0,0,0,0,0,0,0,0,0,0,0,0,0,0,0,0,0,0,0,0,0,0,0,0,0,0,0,0,0,0,0,0,0,0,0,0,0,0,0,0,0,0,0,0,0,0,0,0,0,0,0,0,0,0,0,0,0,0,0,0,0,0,0,0,0,0,0,0,0,0,0,0,0,0,0,0,0
CARA_MOV018_CLS,1,1,1,1,1,1,1,1,1,1,1,1,1,1,1,1,1,1,1,1,1,1,1,1,1,1,1,1,1,1,1,1,1,1,1,1,1,1,1,1,1,1,1,1,1,1,1,1,1,1,1,1,1,1,1,1,1,1,1,1,1,1,1,1,1,1,1,1,1,1,1,1,1,1,1,1,1,1,1,1,1,1,1,1,1,1,1,1,1,1,1,1,1,1,1,1,1,1,1,1,1,1,1,1,1,1,1,1,1,1,1,1,1,1,1,1,1,1,1,1,1,1,1,1,1,1,1,1,1,1,1,1,1,1,1,1,1,1,1,1,1,1,1,1,1,1,1,1,1,1,1,1,1,1,1,1,1,1,1,1,1,1,1,1,1,1,1,1,1,1,1,1,1,1,1,1,1,1,1,1,1,1,1,1,1,1,1,1,1,1,1,1,1,1,1,1,1,1,1,1,1,1,1,1,1,1,1,1,1,1
CARA_MOV019_OPN,0,0,0,0,0,0,0,0,0,0,0,0,0,0,0,0,0,0,0,0,0,0,0,0,0,0,0,0,0,0,0,0,0,0,0,0,0,0,0,0,0,0,0,0,0,0,0,0,0,0,0,0,0,0,0,0,0,0,0,0,0,0,0,0,0,0,0,0,0,0,0,0,0,0,0,0,0,0,0,0,0,0,0,0,0,0,0,0,0,0,0,0,0,0,0,0,0,0,0,0,0,0,0,0,0,0,0,0,0,0,0,0,0,0,0,0,0,0,0,0,0,0,0,0,0,0,0,0,0,0,0,0,0,0,0,0,0,0,0,0,0,0,0,0,0,0,0,0,0,0,0,0,0,0,0,0,0,0,0,0,0,0,0,0,0,0,0,0,0,0,0,0,0,0,0,0,0,0,0,0,0,0,0,0,0,0,0,0,0,0,0,0,0,0,0,0,0,0,0,0,0,0,0,0,0,0,0,0,0,0
CARA_MOV019_CLS,1,1,1,1,1,1,1,1,1,1,1,1,1,1,1,1,1,1,1,1,1,1,1,1,1,1,1,1,1,1,1,1,1,1,1,1,1,1,1,1,1,1,1,1,1,1,1,1,1,1,1,1,1,1,1,1,1,1,1,1,1,1,1,1,1,1,1,1,1,1,1,1,1,1,1,1,1,1,1,1,1,1,1,1,1,1,1,1,1,1,1,1,1,1,1,1,1,1,1,1,1,1,1,1,1,1,1,1,1,1,1,1,1,1,1,1,1,1,1,1,1,1,1,1,1,1,1,1,1,1,1,1,1,1,1,1,1,1,1,1,1,1,1,1,1,1,1,1,1,1,1,1,1,1,1,1,1,1,1,1,1,1,1,1,1,1,1,1,1,1,1,1,1,1,1,1,1,1,1,1,1,1,1,1,1,1,1,1,1,1,1,1,1,1,1,1,1,1,1,1,1,1,1,1,1,1,1,1,1,1
CARA_MOV032_OPN,1,1,1,1,1,1,1,1,1,1,1,1,1,1,1,1,1,1,1,1,1,1,1,1,1,1,1,1,1,1,1,1,1,1,1,1,1,1,1,1,1,1,1,1,1,1,1,1,1,1,1,1,1,1,1,1,1,1,1,1,1,1,1,1,1,1,1,1,1,1,1,1,1,1,1,1,1,1,1,1,1,1,1,1,1,1,1,1,1,1,1,1,1,1,1,1,1,1,1,1,1,1,1,1,1,1,1,1,1,1,1,1,1,1,1,1,1,1,1,1,1,1,1,1,1,1,1,1,1,1,1,1,1,1,1,1,1,1,1,1,1,1,1,1,1,1,1,1,1,1,1,1,1,1,1,1,1,1,1,1,1,1,1,1,1,1,1,1,1,1,1,1,1,1,1,1,1,1,1,1,1,1,1,1,1,1,1,1,1,1,1,1,1,1,1,1,1,1,1,1,1,1,1,1,1,1,1,1,1,1
CARA_MOV032_CLS,0,0,0,0,0,0,0,0,0,0,0,0,0,0,0,0,0,0,0,0,0,0,0,0,0,0,0,0,0,0,0,0,0,0,0,0,0,0,0,0,0,0,0,0,0,0,0,0,0,0,0,0,0,0,0,0,0,0,0,0,0,0,0,0,0,0,0,0,0,0,0,0,0,0,0,0,0,0,0,0,0,0,0,0,0,0,0,0,0,0,0,0,0,0,0,0,0,0,0,0,0,0,0,0,0,0,0,0,0,0,0,0,0,0,0,0,0,0,0,0,0,0,0,0,0,0,0,0,0,0,0,0,0,0,0,0,0,0,0,0,0,0,0,0,0,0,0,0,0,0,0,0,0,0,0,0,0,0,0,0,0,0,0,0,0,0,0,0,0,0,0,0,0,0,0,0,0,0,0,0,0,0,0,0,0,0,0,0,0,0,0,0,0,0,0,0,0,0,0,0,0,0,0,0,0,0,0,0,0,0
CARA_MOV043_OPN,1,1,1,1,1,1,1,1,1,1,1,1,1,1,1,1,1,1,1,1,1,1,1,1,1,1,1,1,1,1,1,1,1,1,1,1,1,1,1,1,1,1,1,1,1,1,1,1,1,1,1,1,1,1,1,1,1,1,1,1,1,1,1,1,1,1,1,1,1,1,1,1,1,1,1,1,1,1,1,1,1,1,1,1,1,1,1,1,1,1,1,1,1,1,1,1,1,1,1,1,1,1,1,1,1,1,1,1,1,1,1,1,1,1,1,1,1,1,1,1,1,1,1,1,1,1,1,1,1,1,1,1,1,1,1,1,1,1,1,1,1,1,1,1,1,1,1,1,1,1,1,1,1,1,1,1,1,1,1,1,1,1,1,1,1,1,1,1,1,1,1,1,1,1,1,1,1,1,1,1,1,1,1,1,1,1,1,1,1,1,1,1,1,1,1,1,1,1,1,1,1,1,1,1,1,1,1,1,1,1
CARA_MOV043_CLS,0,0,0,0,0,0,0,0,0,0,0,0,0,0,0,0,0,0,0,0,0,0,0,0,0,0,0,0,0,0,0,0,0,0,0,0,0,0,0,0,0,0,0,0,0,0,0,0,0,0,0,0,0,0,0,0,0,0,0,0,0,0,0,0,0,0,0,0,0,0,0,0,0,0,0,0,0,0,0,0,0,0,0,0,0,0,0,0,0,0,0,0,0,0,0,0,0,0,0,0,0,0,0,0,0,0,0,0,0,0,0,0,0,0,0,0,0,0,0,0,0,0,0,0,0,0,0,0,0,0,0,0,0,0,0,0,0,0,0,0,0,0,0,0,0,0,0,0,0,0,0,0,0,0,0,0,0,0,0,0,0,0,0,0,0,0,0,0,0,0,0,0,0,0,0,0,0,0,0,0,0,0,0,0,0,0,0,0,0,0,0,0,0,0,0,0,0,0,0,0,0,0,0,0,0,0,0,0,0,0
CARA_VB064_OPN,0,0,0,0,0,0,0,0,0,0,0,0,0,0,0,0,0,0,0,0,0,0,0,0,0,0,0,0,0,0,0,0,0,0,0,0,0,0,0,0,0,0,0,0,0,0,0,0,0,0,0,0,0,0,0,0,0,0,0,0,0,0,0,0,0,0,0,0,0,0,0,0,0,0,0,0,0,0,0,0,0,0,0,0,0,0,0,0,0,0,0,0,0,0,0,0,0,0,0,0,0,0,0,0,0,0,0,0,0,0,0,0,0,0,0,0,0,0,0,0,0,0,0,0,0,0,0,0,0,0,0,0,0,0,0,0,0,0,0,0,0,0,0,0,0,0,0,0,0,0,0,0,0,0,0,0,0,0,0,0,0,0,0,0,0,0,0,0,0,0,0,0,0,0,0,0,0,0,0,0,0,0,0,0,0,0,0,0,0,0,0,0,0,0,0,0,0,0,0,0,0,0,0,0,0,0,0,0,0,0
CARA_VB064_CLS,1,1,1,1,1,1,1,1,1,1,1,1,1,1,1,1,1,1,1,1,1,1,1,1,1,1,1,1,1,1,1,1,1,1,1,1,1,1,1,1,1,1,1,1,1,1,1,1,1,1,1,1,1,1,1,1,1,1,1,1,1,1,1,1,1,1,1,1,1,1,1,1,1,1,1,1,1,1,1,1,1,1,1,1,1,1,1,1,1,1,1,1,1,1,1,1,1,1,1,1,1,1,1,1,1,1,1,1,1,1,1,1,1,1,1,1,1,1,1,1,1,1,1,1,1,1,1,1,1,1,1,1,1,1,1,1,1,1,1,1,1,1,1,1,1,1,1,1,1,1,1,1,1,1,1,1,1,1,1,1,1,1,1,1,1,1,1,1,1,1,1,1,1,1,1,1,1,1,1,1,1,1,1,1,1,1,1,1,1,1,1,1,1,1,1,1,1,1,1,1,1,1,1,1,1,1,1,1,1,1
CARA_PCV078,50.19230652,50.19230652,50.19230652,50.19230652,50.19230652,50.19230652,50.19230652,50.19230652,50.19230652,50.19230652,50.19230652,50.19230652,50.19230652,50.19230652,50.19230652,50.19230652,50.19230652,50.19230652,50.19230652,50.19230652,50.19230652,50.19230652,50.19230652,50.19230652,50.19230652,50.19230652,50.19230652,50.19230652,50.19230652,50.19230652,50.19230652,50.19230652,50.19230652,50.19230652,50.19230652,50.19230652,50.19230652,50.19230652,50.19230652,50.19230652,50.19230652,50.19230652,50.19230652,50.19230652,50.19230652,50.19230652,50.19230652,50.19230652,50.19230652,50.19230652,50.19230652,50.19230652,50.19230652,50.19230652,50.19230652,50.19230652,50.19230652,50.19230652,50.19230652,50.19230652,50.19230652,50.19230652,50.19230652,50.19230652,50.19230652,50.19230652,50.19230652,50.19230652,50.19230652,50.19230652,50.19230652,50.19230652,50.19230652,50.19230652,50.19230652,50.19230652,50.19230652,50.19230652,50.19230652,50.19230652,50.19230652,50.19230652,50.19230652,50.19230652,50.19230652,50.19230652,50.19230652,50.19230652,50.19230652,50.19230652,50.19230652,50.19230652,50.19230652,50.19230652,50.19230652,50.19230652,50.19230652,50.19230652,50.19230652,50.19230652,50.19230652,50.19230652,50.19230652,50.19230652,50.19230652,50.19230652,50.19230652,50.19230652,50.19230652,50.19230652,50.19230652,50.19230652,50.19230652,50.19230652,50.19230652,50.19230652,50.19230652,50.19230652,50.19230652,50.19230652,50.19230652,50.19230652,50.19230652,50.19230652,50.19230652,50.19230652,50.19230652,50.19230652,50.19230652,50.19230652,50.19230652,50.19230652,50.19230652,50.19230652,50.19230652,50.19230652,50.19230652,50.19230652,50.19230652,50.19230652,50.19230652,50.19230652,50.19230652,50.19230652,50.19230652,50.19230652,50.19230652,50.19230652,50.19230652,50.19230652,50.19230652,50.19230652,50.19230652,50.19230652,50.19230652,50.19230652,50.19230652,50.19230652,50.19230652,50.19230652,50.19230652,50.19230652,50.19230652,50.19230652,50.19230652,50.19230652,50.19230652,50.19230652,50.19230652,50.19230652,50.19230652,50.19230652,50.19230652,50.19230652,50.19230652,50.19230652,50.19230652,50.19230652,50.19230652,50.19230652,50.19230652,50.19230652,50.19230652,50.19230652,50.19230652,50.19230652,50.19230652,50.19230652,50.19230652,50.19230652,50.19230652,50.19230652,50.19230652,50.19230652,50.19230652,50.19230652,50.19230652,50.19230652,50.19230652,50.19230652,50.19230652,50.19230652,50.19230652,50.19230652,50.19230652,50.19230652,50.19230652,50.19230652,50.19230652,50.19230652
NO_DATA,624.5192261,624.5192261,624.5192261,625,625,625,625,625.4807739,625.4807739,625.4807739,625.9615479,625.4807739,625.9615479,625.9615479,625.9615479,626.4423218,625.9615479,626.4423218,626.4423218,626.4423218,626.4423218,626.4423218,626.4423218,626.9230957,626.9230957,627.4038086,626.9230957,627.4038086,627.4038086,627.4038086,627.4038086,627.8845825,627.8845825,627.8845825,627.8845825,628.3654175,628.3654175,628.3654175,628.8461304,628.3654175,628.3654175,628.8461304,628.8461304,628.8461304,629.3269043,629.3269043,629.3269043,629.3269043,629.3269043,629.3269043,629.8077393,629.8077393,629.8077393,630.2884521,630.2884521,630.2884521,630.2884521,630.7692261,630.7692261,630.7692261,630.7692261,631.25,631.25,631.7307739,631.7307739,631.7307739,631.7307739,632.2115479,632.2115479,632.6923218,632.6923218,632.6923218,633.1730957,633.1730957,633.1730957,633.1730957,633.6538696,633.6538696,633.6538696,634.1345825,634.1345825,634.6154175,634.6154175,634.6154175,634.6154175,635.0961304,635.0961304,635.0961304,635.5769043,636.0576782,635.5769043,636.0576782,636.5384521,636.5384521,636.5384521,637.0192261,637.0192261,637.0192261,637.5,637.5,637.0192261,635.0961304,633.6538696,590.8654175,546.6345825,525,520.1923218,521.1538086,526.4423218,538.9423218,559.1346436,589.4230957,631.25,632.2115479,633.1730957,633.6538696,634.6154175,635.0961304,635.0961304,636.0576782,635.5769043,635.5769043,635.5769043,635.5769043,635.5769043,635.5769043,636.0576782,636.0576782,636.0576782,636.5384521,636.0576782,636.0576782,636.5384521,636.5384521,636.5384521,637.0192261,637.0192261,637.0192261,637.0192261,637.0192261,637.5,637.5,637.5,637.9807739,637.9807739,638.4615479,638.4615479,638.9422607,638.9422607,639.4230957,639.4230957,639.9038696,639.9038696,639.9038696,640.3845825,640.3845825,640.8653564,640.3845825,640.8653564,641.3461914,641.3461914,641.3461914,641.3461914,641.8269043,642.3076782,642.3076782,642.3076782,642.3076782,643.2692261,643.2692261,643.2692261,643.2692261,643.75,643.75,643.75,644.2307739,644.2307739,644.7115479,644.7115479,644.7115479,645.1923218,645.1923218,645.1923218,645.6730957,646.1538696,646.1538696,646.1538696,646.1538696,646.6345825,646.6345825,647.1153564,647.1153564,647.1153564,647.5961914,647.5961914,648.0769043,648.5576782,648.0769043,648.5576782,648.5576782,648.5576782,649.0384521,649.0384521,649.5192261,649.5192261,649.5192261,650,650,650,650.4807739